1705.05952.pdf	https://arxiv.org/pdf/1705.05952.pdf	fa507bb9b71735760388dda965c8d676
C18-1121.pdf	http://aclweb.org/anthology/C18-1121	810ea6e211512f049940e945ddf47e96
D18-1205.pdf	http://aclweb.org/anthology/D18-1205	b0921e9016f0ebd4c1a4b467d17bcb18
P18-1063.pdf	http://aclweb.org/anthology/P18-1063	4d573757d6419edc2d8c0bb9d4d3ec6b
5635-grammar-as-a-foreign-language.pdf	https://papers.nips.cc/paper/5635-grammar-as-a-foreign-language.pdf	c42e59f47a0d9dc254efb7ec3bc11b88
wang13a.pdf	http://proceedings.mlr.press/v28/wang13a.pdf	8a2ad92f531e0e24475a913935045025
1804.00079.pdf	https://arxiv.org/pdf/1804.00079.pdf	adabc9e3b005e2da0a79ae99d8dc6717
1805.05286.pdf	https://arxiv.org/pdf/1805.05286.pdf	ee89d683c2100f843db22e7122085a2d
P15-1089.pdf	http://www.aclweb.org/anthology/P15-1089	b0b984cd2d632c1b6cd625e23f83286c
P17-1111.pdf	http://www.aclweb.org/anthology/P17-1111	befba1759c171232cd4dff8e310e4279
P16-2034.pdf	http://www.aclweb.org/anthology/P16-2034	c477187f42a1c036e116eeae4ea53e2d
1506.03340.pdf	https://arxiv.org/pdf/1506.03340.pdf	fc4b4677bec72416df28e323320748d0
1806.00187.pdf	https://arxiv.org/pdf/1806.00187.pdf	8a6d8df27ad68110f742744c7dbc3294
1612.08083.pdf	https://arxiv.org/pdf/1612.08083.pdf	5e281015a473b7fe764d9cdf6a75e3de
1804.06512.pdf	https://arxiv.org/pdf/1804.06512.pdf	7c74d315acd578d80e3382cc34c25975
1803.10049.pdf	http://arxiv.org/pdf/1803.10049.pdf	e0e13c80ad54227f4a8feeeabdc3345f
1707.07045.pdf	https://arxiv.org/pdf/1707.07045.pdf	7cee43359df434d450a50cadbcff2057
D15-1062.pdf	https://www.aclweb.org/anthology/D/D15/D15-1062.pdf	aa5c4b624cf148fb41fe24240428f904
1806.09029.pdf	http://arxiv.org/pdf/1806.09029.pdf	261e6a8bd94e13d486d7a77deb1fdfab
D13-1007.pdf	http://www.aclweb.org/anthology/D13-1007	43fa286943f488e680e1a9e69cd634fa
Q17-1029.pdf	http://aclweb.org/anthology/Q17-1029	2f7d708618dfe2df6a358eb9b6bbf42f
P18-2045.pdf	http://aclweb.org/anthology/P18-2045	be66e85cfd73958d31aef025ad628f1c
1804.09530.pdf	https://arxiv.org/pdf/1804.09530.pdf	3e156ae254b0a70046d9aa41a76727c3
1807.03955.pdf	https://arxiv.org/pdf/1807.03955.pdf	71051288f720afc58eeab013c3f28700
1504.05070.pdf	https://arxiv.org/pdf/1504.05070.pdf	d5a782e88da2e3b60254a3d5865c38e0
N18-1064.pdf	http://aclweb.org/anthology/N18-1064	8cf6caf95575ac9bf37e0b560bc0dea6
1709.04348.pdf	https://arxiv.org/pdf/1709.04348.pdf	bd3db948fe6fc4b93a4eeceb12180621
N16-1030.pdf	http://www.aclweb.org/anthology/N16-1030	5aeb942692d5ab633118d1c52f510b6c
1802.00923.pdf	https://arxiv.org/pdf/1802.00923.pdf	2867528242e9ebf03d1302fd2d436769
pdf_id_HkAClQgA-.pdf	https://openreview.net/pdf?id=HkAClQgA-	a94b866408944f1e820c90b9c363559f
P15-2141.pdf	http://www.aclweb.org/anthology/P15-2141	f7972226b8ad0e8eac68a66e5cef8a81
1702.08400.pdf	https://arxiv.org/pdf/1702.08400.pdf	f2fbf446c0e9b3afd7165e4d727d3f69
1611.01603.pdf	https://arxiv.org/pdf/1611.01603.pdf	46eb744fab31e2822c81d78f588689b9
1705.09980.pdf	https://arxiv.org/pdf/1705.09980.pdf	d5d9e1b415433cda9d15bc74bb701401
1601.03651.pdf	https://arxiv.org/pdf/1601.03651.pdf	fe901edad8d33b453563ecb804b5d69f
1801.00102.pdf	https://arxiv.org/pdf/1801.00102.pdf	8b8b63142fb8b6da3e76396bc3cfe4e7
1804.07461.pdf	https://arxiv.org/pdf/1804.07461.pdf	29408ea0813625bc209e67724cfaa68a
50.pdf	https://www.transacl.org/ojs/index.php/tacl/article/download/255/50	4db8798e013bbc79f934d7b07850b364
S18-1146.pdf	http://aclweb.org/anthology/S18-1146	0e2caec5776d7dfdb0fc7407aead8f85
N15-1067.pdf	http://www.aclweb.org/anthology/N15-1067	f95f9cec895f9794c3d715c4686c197c
S16-1186.pdf	http://www.aclweb.org/anthology/S16-1186	b59423def64508d882d8631e07ac0a71
1805.08237.pdf	https://arxiv.org/pdf/1805.08237.pdf	ea10ba09f3a8d49f4accf5c9a705fa85
1611.04230.pdf	https://arxiv.org/pdf/1611.04230.pdf	a8fd5e2e6eb561f6bcb54bc256e85d98
forum_id_BJEX-H1Pf.pdf	https://openreview.net/pdf?id=rk8wKk-R-	41432515f56b599368379d95439953eb
S18-1150.pdf	http://aclweb.org/anthology/S18-1150	a48b8560e41557d0fc4eb8e6c2a1453f
S17-2126.pdf	http://aclweb.org/anthology/S17-2126	2a6ef846e663064284008a956c835f52
N18-1150.pdf	http://aclweb.org/anthology/N18-1150	3edde21befb857cb5e282e4dc05d56b8
N18-1193.pdf	http://aclweb.org/anthology/N18-1193	ae0720cdefaaf924244d3d72cff5b351
W17-4422.pdf	http://aclweb.org/anthology/W17-4422.pdf	db32816b15506a6521c4ecd9b70c7276
1801.08290.pdf	https://arxiv.org/pdf/1801.08290.pdf	6e82cad718041223faca5764ece5e693
1711.03953.pdf	https://arxiv.org/pdf/1711.03953.pdf	10aedccb795506da32273f1f19c0fca4
1806.06228.pdf	https://arxiv.org/pdf/1806.06228.pdf	93cd4013429d448c4cf9fd920bd6c5d3
E17-2047.pdf	http://aclweb.org/anthology/E17-2047	e5996824d9ceedcc408e986192cb3825
1807.01270.pdf	https://arxiv.org/pdf/1807.01270.pdf	b4cb25280b51c777c9f42bf5070653d7
P16-1072.pdf	http://www.aclweb.org/anthology/P16-1072	882dc7967faa306e1707acb04b29727f
1809.10853.pdf	https://arxiv.org/pdf/1809.10853.pdf	2a507288573f9c6ae839ba551cac5fd4
P16-1101.pdf	http://www.aclweb.org/anthology/P16-1101	542dc76dbbf589ba706e33fb090a1317
1511.00830.pdf	https://arxiv.org/pdf/1511.00830.pdf	b6fa6eb30bfc06639a749df703bef2ad
P11-1055.pdf	http://www.aclweb.org/anthology/P11-1055	61f6a912bfc2d69874342ecbaabb567d
D15-1279.pdf	http://aclweb.org/anthology/D15-1279	bbf7cbb45d6ae33dec10832d394a0ba2
yu_gormley_dredze.nipsw.2014.pdf	http://citeseerx.ist.psu.edu/viewdoc/download?doi=10.1.1.697.2203&rep=rep1&type=pdf	ceb232d25f03abb4efb8d85f70edf786
1705.00108.pdf	https://arxiv.org/pdf/1705.00108.pdf	a2c81fdca724b3ab4489d21f362eb6e0
1808.10792.pdf	https://arxiv.org/pdf/1808.10792.pdf	c8493855311811a8691d4598be94e5f4
1604.05529.pdf	https://arxiv.org/pdf/1604.05529.pdf	9578c8093ea3925faaa2b6b05f82c389
1711.04903.pdf	https://arxiv.org/pdf/1711.04903.pdf	5c71e82e7a4de752ebfee47eaf50b980
1508.01991.pdf	https://arxiv.org/pdf/1508.01991.pdf	e44015834dd23ab4a882346aca254faf
16101.pdf	https://arxiv.org/pdf/1712.01813.pdf	9980c02aa744cda27cc0a9726b9b56e7
1805.06280.pdf	https://arxiv.org/pdf/1805.06280.pdf	19bf47aa97e91f758f254fd3a411277e
C16-1311.pdf	https://www.aclweb.org/anthology/C/C16/C16-1311.pdf	e59973c655c6b060440307384440c0f4
1709.07432.pdf	https://arxiv.org/pdf/1709.07432.pdf	e6a98b5e315016bd2bf9150cefd9574a
1711.05568.pdf	https://arxiv.org/pdf/1711.05568.pdf	0ddf198c97dea35acbe1deba7b74f5dc
8546.pdf	https://pdfs.semanticscholar.org/2a3f/862199883ceff5e3c74126f0c80770653e05.pdf	7c0f226183d3d34852e1b6343fb498d2
P16-1001.pdf	http://www.aclweb.org/anthology/P16-1001	a2fb7d60ce32137f1542486a666dd713
P15-2047.pdf	http://www.aclweb.org/anthology/P15-2047	08603f1d119d07f705aeeabe63ec001d
D16-1036.pdf	https://aclweb.org/anthology/D16-1036	94bad734e989c8740910bc36a34a1683
D13-1204.pdf	http://www.aclweb.org/anthology/D13-1204	fb4b66f0fb8e397be91b318b4559274c
D18-1264.pdf	http://aclweb.org/anthology/D18-1264	6c9c7a01d43fa4641f6a71dcc9b01340
N18-2015.pdf	http://aclweb.org/anthology/N18-2015	397cb462635449dfc38e1e3481eb6378
1606.01549.pdf	https://arxiv.org/pdf/1606.01549.pdf	a591e332d391ac033f621b23235e009e
1708.02182.pdf	https://arxiv.org/pdf/1708.02182.pdf	b603b883f6a0d7b66e9a8b6a7b7d7ec7
P18-2038.pdf	http://aclweb.org/anthology/P18-2038	349237d5baba2b66506124061ead4cbe
RIVF.2016.7800279.pdf	https://www.researchgate.net/profile/Tuan_Phong_Nguyen/publication/311980397_A_hybrid_approach_to_Vietnamese_word_segmentation/links/5a9507e3a6fdccecff0771ff/A-hybrid-approach-to-Vietnamese-word-segmentation.pdf?origin=publication_detail	33605bc69171d42edc4debc550a672fe
P18-1064.pdf	http://aclweb.org/anthology/P18-1064	2a425b53ff7a4390496b0c5dcfe67284
1808.08644.pdf	https://arxiv.org/pdf/1808.08644.pdf	74969a08332b5347ccb4067473a79b76
1802.05365.pdf	https://arxiv.org/pdf/1802.05365.pdf	cc63a24c739818c92b73a8470e480e8a
1808.05326.pdf	http://arxiv.org/pdf/1808.05326.pdf	8c4a96461317f16bec4e65d3e6d03bad
1711.04436.pdf	https://arxiv.org/pdf/1711.04436.pdf	69ee60026217a006f4585ba0f617cfd3
1705.03122.pdf	https://arxiv.org/pdf/1705.03122.pdf	ce9d8681d6cc9087f56dc4beea5a4daa
D17-1129.pdf	http://aclweb.org/anthology/D17-1129	7eebef38b7d06e780abe6a5c2a6ffebf
1612.01627.pdf	https://arxiv.org/pdf/1612.01627.pdf	5fd52c897b8ad56bc05a359be3633b69
D17-1120.pdf	http://aclweb.org/anthology/D17-1120	050cb9f06f5e07923caa8c05db72a37e
P18-2028.pdf	https://aclweb.org/anthology/P18-2028	1eee9c949fe49233ac157bd60dbea378
trouillon16.pdf	http://www.jmlr.org/proceedings/papers/v48/trouillon16.pdf	28208b5285436bbe1ba0bdaa32b87efe
1609.07959.pdf	https://arxiv.org/pdf/1609.07959.pdf	8dc5393cf66d6ffe1c7f2a4f8ef91a4a
K18-2008.pdf	http://aclweb.org/anthology/K18-2008	291615ce8e24068e63060ee0214de11e
context-dependent-sentiment-analysis-in-user-generated-videos.pdf	http://sentic.net/context-dependent-sentiment-analysis-in-user-generated-videos.pdf	91a6e0d7215499a5e8a1f398b05c6fb2
P17-1043.pdf	http://aclweb.org/anthology/P17-1043	5e107391eb35d86baee4be645c8e6507
f2205c56378e715d8d12c521d045c0756a76.pdf	https://www.aclweb.org/anthology/Q14-1037	eca2cffbcfcd6d446266c99c1ca91f3f
S18-1151.pdf	http://aclweb.org/anthology/S18-1151	fd3346299c38abc3f1389c6e732e24fc
D17-1168.pdf	http://aclweb.org/anthology/D17-1168	6ccf9e665af46bc9be925e424c11d216
P16-1231.pdf	https://www.aclweb.org/anthology/P16-1231	b3e8e265b5be12ad95b4da7a8058c68b
1707.01476.pdf	https://arxiv.org/pdf/1707.01476.pdf	e57558a58f09f0c4d424d8fa0b3f22dc
D16-1058.pdf	https://aclweb.org/anthology/D16-1058	faf38b56ce2f53e8a278a75d5effc8da
7181-attention-is-all-you-need.pdf	https://papers.nips.cc/paper/7181-attention-is-all-you-need.pdf	7a6bb1fcdceec29ff330d3af68fbe5d8
P08-1076.pdf	https://aclanthology.info/pdf/P/P08/P08-1076.pdf	f038df67b83a472df61c824879f55650
D18-1208.pdf	http://aclweb.org/anthology/D18-1208	aae3de96de44ce1be9e8a2563705d7ab
1801.06146.pdf	https://arxiv.org/pdf/1801.06146.pdf	a59e13666cd90b5f204250d593c4e194
C16-1329.pdf	http://www.aclweb.org/anthology/C16-1329	48f3176bd7fa8d55dc0cd35153ea6a34
1611.01578.pdf	https://arxiv.org/pdf/1611.01578.pdf	de100c8957317fa97d7f746912e9aaaa
blocksparsepaper.pdf	https://s3-us-west-2.amazonaws.com/openai-assets/blocksparse/blocksparsepaper.pdf	d7c83ac78dfbba707d38a01650cfd90b
language_understanding_paper.pdf	https://s3-us-west-2.amazonaws.com/openai-assets/research-covers/language-unsupervised/language_understanding_paper.pdf	bf17ace7b031e5cd04df86ad4bb29982
10838.pdf	https://www.researchgate.net/profile/Chen_Li74/publication/305774260_Joint_POS_Tagging_and_Text_Normalization_for_Informal_Text/links/57a0c9f708aeb1604832b36d/Joint-POS-Tagging-and-Text-Normalization-for-Informal-Text.pdf?origin=publication_detail	1fa31dc55587fd9a0a18a2efc1d2cb97
E17-1038.pdf	http://www.aclweb.org/anthology/E17-1038	4d1004399be4e40030c941f65975cac2
1705.08639.pdf	https://arxiv.org/pdf/1705.08639.pdf	8a0f9e9cd9c6acfc75e5ff0d59f12444
1705.02364.pdf	https://arxiv.org/pdf/1705.02364.pdf	4ca9e34d89ab879e35a7a378b30611b3
1711.00066.pdf	https://arxiv.org/pdf/1711.00066.pdf	314c578c1500751562528705a839ea0b
P17-1127.pdf	http://www.aclweb.org/anthology/P17-1127	6ce62bde8e8141e7cdd79514130f5c45
1805.06939.pdf	https://arxiv.org/pdf/1805.06939.pdf	762033d20e7344070b4e0533cf1d5ce9
P17-1044.pdf	http://aclweb.org/anthology/P17-1044	40878223f8ce3877af138c777be8b700
D17-1079.pdf	https://www.aclweb.org/anthology/D17-1079	e684ac6c45965a55e9fa9b0cd4f9d6b9
1609.09106.pdf	https://arxiv.org/pdf/1609.09106.pdf	ad2ee0fbcd15070847b14a8cf8ba65dd
P18-1015.pdf	http://aclweb.org/anthology/P18-1015	24d4b92103bb42ab560d04e8d7ea6601
N18-1158.pdf	http://aclweb.org/anthology/N18-1158	d7e124ed30d4efbd44788e0048776ecb
16137.pdf	https://www.aaai.org/ocs/index.php/AAAI/AAAI18/paper/viewFile/17308/16137	11332ec3719ae5705a61af9be7ef7a83
1901.02860.pdf	https://arxiv.org/pdf/1901.02860.pdf	802598bb2aac2f43198e9b9711bd31a3
1805.09655.pdf	https://arxiv.org/pdf/1805.09655.pdf	304a1913a4a2e57ee756a76ca1f73971
1808.08762.pdf	https://arxiv.org/pdf/1808.08762.pdf	1719a59460d2188bf955b08f34a52535
1810.04805.pdf	https://arxiv.org/pdf/1810.04805.pdf	4e43cf6be431999e6551ac79038a42aa
1803.11175.pdf	https://arxiv.org/pdf/1803.11175.pdf	3098531a56c22ac2550b7dbd5860d4ca
D16-1065.pdf	https://aclweb.org/anthology/D16-1065	f6d2639469beb77e9b282a204e73af40
htyo14.pdf	http://svr-ftp.eng.cam.ac.uk/~sjy/papers/htyo14.pdf	3956d0d4bfbda654742b5ac7788d4510
N18-5012.pdf	http://aclweb.org/anthology/N18-5012	84930f07cb5781b1d6410ee33eb92523
P17-1101.pdf	http://aclweb.org/anthology/P17-1101	34461b27973846910ed7b3897fd58e30
P18-2027.pdf	http://aclweb.org/anthology/P18-2027	fc08453beb23de50b79c0972c4ca83b1
C16-1146.pdf	http://www.aclweb.org/anthology/C16-1146	8dfb147d43f3bf6a20beb68b8a46573a
TsaiRo16b.pdf	http://cogcomp.org/papers/TsaiRo16b.pdf	a9766b58be02da1a37e195c100a31cac
1706.03762.pdf	https://arxiv.org/pdf/1706.03762.pdf	68787cc6d61f6a5475534820144c6a13
P16-1039.pdf	http://www.aclweb.org/anthology/P16-1039	a84eea0dce75011f998ffcb02adcaf3f
Y06-1028.pdf	http://www.aclweb.org/anthology/Y06-1028	e12cb8d8826be5aa85e01485f5f87ee8
C16-1007.pdf	http://www.aclweb.org/anthology/C16-1007	458d0331eff7359ffaf429587a19d6fa
1708.00107.pdf	https://arxiv.org/pdf/1708.00107.pdf	405edba1e10ad4ff6dd8e91153666c1b
ke18a.pdf	http://proceedings.mlr.press/v80/ke18a/ke18a.pdf	b6b7b503206b93b531232ba72d0cda34
1702.02098.pdf	https://arxiv.org/pdf/1702.02098.pdf	113f65750a6b7335a5c72aa273ec43ae
P04-1061.pdf	http://www.aclweb.org/anthology/P04-1061	2938363480c8507c8e5efa27db190ccc
1704.04565.pdf	https://arxiv.org/pdf/1704.04565.pdf	2bd0833130f14c11d4bda2e8f38f7322
1701.06538.pdf	https://arxiv.org/pdf/1701.06538.pdf	aacdea7c7494d79deacdd8f9b6663194
D15-1141.pdf	http://www.aclweb.org/anthology/D15-1141	7d48c50d7ebafb33b5f886a6fed4a3ba
N16-1020.pdf	http://www.aclweb.org/anthology/N16-1020	4baeacd2775d5bdb0245575112845bd5
S18-1012.pdf	http://aclweb.org/anthology/S18-1012	c7d7dd4ac78ce379a91729bf5fcbc9b2
1804.09849.pdf	https://arxiv.org/pdf/1804.09849.pdf	2f0ce8cce9417bd2339bde0b6bdd16d7
847.pdf	http://www.lrec-conf.org/proceedings/lrec2018/pdf/847.pdf	8490b9b72a82f10190605cc9e32e03db
D18-1274.pdf	http://aclweb.org/anthology/D18-1274	9373dc3bbdce93e1ce1507374b3db4a6
D17-1047.pdf	http://www.aclweb.org/anthology/D17-1047	82207c8330c1c3d2a0866cb319f9290b
D18-1088.pdf	http://aclweb.org/anthology/D18-1088	e6b91bdddf2964d769ba0d826079355c
P16-1123.pdf	http://aclweb.org/anthology/P16-1123	73cedfae6ca1d5cbe0f28e67a7bc901c
E17-1007.pdf	http://www.aclweb.org/anthology/E17-1007	b2c4bdd834d7ba682829aef9e0efad11
D15-1044.pdf	https://www.aclweb.org/anthology/D/D15/D15-1044.pdf	ecda7a46d9acde9a25fe0e979a2af53a
U17-1013.pdf	http://aclweb.org/anthology/U17-1013	d3385d7268976a43d3b23e5f22c0fa1c
D15-1176.pdf	https://www.aclweb.org/anthology/D/D15/D15-1176.pdf	53dd99e589aba09f11d3ba29e7e0a415
1806.03489.pdf	https://arxiv.org/pdf/1806.03489.pdf	7dcacd1f72770d51a02a17c07f70b866
1412.6575.pdf	https://arxiv.org/pdf/1412.6575.pdf	eb892f6a9e8282d302f4a31abbe30cb6
E17-1051.pdf	http://www.aclweb.org/anthology/E17-1051	b634f42a9340f4d8fba4afa936247369
1803.08240.pdf	https://arxiv.org/pdf/1803.08240.pdf	88c592e64b88fedb99ca0057413bae63
N18-2102.pdf	http://aclweb.org/anthology/N18-2102	92a3dbfaa223ed0fafcc82d0d916c083
64f0dab74295e5eb139c160ed79ff262558a.pdf	https://pdfs.semanticscholar.org/6f0f/64f0dab74295e5eb139c160ed79ff262558a.pdf	f7725fad7a121285a94c4ff4cca5dffb
S17-2083.pdf	http://www.aclweb.org/anthology/S/S17/S17-2083.pdf	15b732570033da90685ed0f6c19e04a4
1609.01704.pdf	https://arxiv.org/pdf/1609.01704.pdf	8ec0e947b33a555c4bdb69e47fd723e8
P16-1085.pdf	http://www.aclweb.org/anthology/P16-1085	58529294899ad3058e844c905b03fb9e
view.pdf	https://alanakbik.github.io/papers/coling2018.pdf	24c1eb2095fae253c3f776fdfd2fd7b8
C16-1119.pdf	http://www.aclweb.org/anthology/C16-1119	30cc44fddb331f7ba4432e86552a90c5
S18-1152.pdf	http://aclweb.org/anthology/S18-1152	8ffb802b85f729ac4b1e5cd934748983
1703.04816.pdf	https://arxiv.org/pdf/1703.04816.pdf	ed8479341bba4993fd98a97ff389bbd2
1808.10143.pdf	https://arxiv.org/pdf/1808.10143.pdf	be784656f53bf0a4ee90eb76dfb8045b
P18-1061.pdf	http://aclweb.org/anthology/P18-1061	96c3d88bb5b0c4057c472f9ed49a125c
1605.07725.pdf	https://arxiv.org/pdf/1605.07725.pdf	9323ce8995a2c80153be5c72c387a503
16118.pdf	https://arxiv.org/pdf/1804.07036.pdf	05562418871a7938acf4882582334dbe
409.pdf	https://www.ijcai.org/Proceedings/16/Papers/409.pdf	3828736974100a0fda6e7ce97de67cb4
D17-1108.pdf	http://www.aclweb.org/anthology/D17-1108	fec2eaeaeca39e1988786c3370426e96
D18-1207.pdf	http://aclweb.org/anthology/D18-1207	0b1076e9d2e967609b393f474d5a634f
P18-1014.pdf	http://aclweb.org/anthology/P18-1014	3c85e0d7a79bee42ef79facbb375120d
S13-2002.pdf	http://www.aclweb.org/anthology/S13-2002	3f6dc63facb97823c1cb63e61277d589
S18-1116.pdf	http://aclweb.org/anthology/S18-1116	5ea6b681aa1d8fc7fdd2a6e5751d53fc
P17-1055.pdf	http://aclweb.org/anthology/P17-1055	d4ccbd2236d4afa8c41b806627ba39f3
Q18-1025.pdf	http://aclweb.org/anthology/Q18-1025	91de316faa4e71243238e8bf9586f2c3
1603.01354.pdf	https://arxiv.org/pdf/1603.01354.pdf	d66b45862c04bf97a3c8eb04d86cf588
1709.04109.pdf	https://arxiv.org/pdf/1709.04109.pdf	3126a67738f076ba9095e02b3cdb75c4
P16-1200.pdf	http://www.aclweb.org/anthology/P16-1200	5c811ce87e175b8498126e71f8861c1c
C18-1146.pdf	http://aclweb.org/anthology/C18-1146	edd0ed9993c24f50f6dfc765afc04674
1810.13097.pdf	https://arxiv.org/pdf/1810.13097.pdf	8405ff4e216d5dbfdf1828a891a0afec
N16-1012.pdf	http://www.aclweb.org/anthology/N16-1012	41bf0ef550cca10968c9e16033f4b7eb
16165.pdf	https://arxiv.org/pdf/1709.00023.pdf	6fbf514a2c82ea720b9288c8adba04d8
D18-1238.pdf	http://aclweb.org/anthology/D18-1238	7e2207343a8afc071552ba3904a4b5a2
0568.pdf	http://www.ijcai.org/proceedings/2017/0568.pdf	cef59bdbc0506a61694b233612dbe635
1712.01586.pdf	https://arxiv.org/pdf/1712.01586.pdf	25bf94d07a57c0a7490b2069423fab0e
N18-2053.pdf	http://www.aclweb.org/anthology/N18-2053	2432470a7b99bcf5ebc609153be7a10c
stamp.jsp_arnumber_8344797.pdf	https://arxiv.org/pdf/1805.07799.pdf	677b1e07844270b1300f61045ca6c3fb
P17-2096.pdf	http://aclweb.org/anthology/P17-2096	f5df64ea44780c01fdb456704187ad43
1707.03058.pdf	https://arxiv.org/pdf/1707.03058.pdf	3fc42264a3f62bc31038d29f6267ace3
5071-translating-embeddings-for-modeling-multi-relational-data.pdf	http://papers.nips.cc/paper/5071-translating-embeddings-for-modeling-multi-relational-data.pdf	71eaf199061a59fdb18b6d67971fdc84
W15-4313.pdf	http://www.aclweb.org/anthology/W15-4313	e822636ca8e4416137a9f91b9fe6bd1a
303553351_Improving_Question_Classification_by_Feature_Extraction_and_Selection.pdf	http://www.indjst.org/index.php/indjst/article/download/93160/69652	1e2d76f7645d8e5337b2bba39ddf0d19
N16-1024.pdf	https://www.aclweb.org/anthology/N16-1024	9c3585b8480308ae8c5a7e2ac0c16cdb
1812.11459.pdf	https://arxiv.org/pdf/1812.11459.pdf	5a6568be0a4c6cffadded1f72838434b
1809.06858.pdf	https://arxiv.org/pdf/1809.06858.pdf	6c6b51968cb5a34617e59ca1ecdc4ce8
1607.03474.pdf	https://arxiv.org/pdf/1607.03474.pdf	78beaf5ff989850bc1c59915b65d1f60
P10-4014.pdf	https://aclanthology.info/pdf/P/P10/P10-4014.pdf	680f44d4443c73d0a3e8a3c638efd6fd
P09-1113.pdf	http://www.aclweb.org/anthology/P09-1113	f6a4ba5a8240b3ae6ad5952957c9aa54
1603.01547.pdf	https://arxiv.org/pdf/1603.01547.pdf	bed6cb8775e6ef6c23304912f05e92f6
D18-1529.pdf	https://aclweb.org/anthology/D18-1529	ff5dd2c5a1b206d8fcb6ca3a60ca3928
P15-1067.pdf	http://anthology.aclweb.org/P/P15/P15-1067.pdf	0617914ba4ccb41f92ca1744dbf80275
P15-1032.pdf	http://anthology.aclweb.org/P/P15/P15-1032.pdf	70725720c085c9650379071668066c4c
1603.03793.pdf	https://arxiv.org/pdf/1603.03793.pdf	ff55f79ef204a6716aca69f245ab5531
D17-1222.pdf	http://aclweb.org/anthology/D17-1222	2dcc540a69ad2b1f39a17392f7b0e127
N18-1127.pdf	http://aclweb.org/anthology/N18-1127.pdf	86cd4355f3a0f3238ec4d0937ee1e538
1511.08308.pdf	https://arxiv.org/pdf/1511.08308.pdf	83df79308507a25df557eec372620afb
978-3-540-88282-4_23.pdf	https://hal.inria.fr/inria-00334761/document	a125e4c91262086bf0e96490a97ac85a
1808.09381.pdf	https://arxiv.org/pdf/1808.09381.pdf	24c733fea1e5c7b6eeba66d57aecdaa0
15392.pdf	https://pdfs.semanticscholar.org/edfc/63d7ae5c1552c1c57606eca990e247b2942f.pdf?_ga=2.95231580.1774846508.1560519410-1799515642.1560519410	e46d781849db6a775e4f305adba3dd38
1806.02847.pdf	https://arxiv.org/pdf/1806.02847.pdf	b9011e52c8b08bf720861b75bb4107f5
1809.08370.pdf	https://arxiv.org/pdf/1809.08370.pdf	badc8ba6fe9cb591c622faf81e5384b5
P18-2058.pdf	http://aclweb.org/anthology/P18-2058	c4d3dd90aeb171900288a514ec06792e
1602.02410.pdf	https://arxiv.org/pdf/1602.02410.pdf	1bc245a880f9dfa34a18995a1b10be70
N16-1027.pdf	https://aclweb.org/anthology/N/N16/N16-1027.pdf	26e05533f41188e9ae61591a66bb519a
D15-1063.pdf	http://aclweb.org/anthology/D15-1063	4cd6a7304cd5f9afa5bbccb3f2d1dd36
N18-2009.pdf	http://aclweb.org/anthology/N18-2009	1d188693d913d162dfdced33af882f53
P16-1223.pdf	https://www.aclweb.org/anthology/P16-1223	be591c5954997c9e5e635850e81359c2
P18-1103.pdf	http://www.aclweb.org/anthology/P18-1103	53c16207ba8ba1d56d05df1a04b13a54
N09-1009.pdf	http://www.aclweb.org/anthology/N09-1009	6c523ce831cd7f8f4626253bf9680616
reside_emnlp18.pdf	http://malllabiisc.github.io/publications/papers/reside_emnlp18.pdf	240ee27df917bbced70235aa14af7e1c
1510.03753.pdf	https://arxiv.org/pdf/1510.03753.pdf	82b43293d6606b89d4f4de9522b9dcfb
1801.01900.pdf	https://arxiv.org/pdf/1801.01900.pdf	bc3fb24d3877a41541b3248601dc772c
1709.04250.pdf	https://arxiv.org/pdf/1709.04250.pdf	ec42c48487845458f2261bead9d96fbe
sentic-lstm.pdf	http://sentic.net/sentic-lstm.pdf	3799ae331026ab3c5b06afb05898474b
16492.pdf	https://arxiv.org/pdf/1711.09357.pdf	ea36f92cab5315ab3dc6155544c9fdac
S16-1181.pdf	http://www.aclweb.org/anthology/S16-1181	a29789dfdfa16aa44ee746458604739d
1805.01052.pdf	https://arxiv.org/pdf/1805.01052.pdf	9bc66baf3e5c6b2a8e5b3c5bfb906ebd
D18-1441.pdf	http://aclweb.org/anthology/D18-1441	ec30da3ba90e09d0006a5adcb151df37
N18-2045.pdf	http://aclweb.org/anthology/N18-2045	4ca7083b4db2318ece1bacdbad6639ef
S17-2094.pdf	http://www.aclweb.org/anthology/S17-2094	6ad63245f3a82f985abc2739a26a74e9
1611.01734.pdf	https://arxiv.org/pdf/1611.01734.pdf	3c50325e2bce22d6143008f20578780e
D16-1041.pdf	https://aclweb.org/anthology/D16-1041	72dcf15504d08c1afc5ac4e2a959a6b3
1606.01781.pdf	https://arxiv.org/pdf/1606.01781.pdf	d91468149549e1c4ea71f3aead311874
C18-1139.pdf	http://aclweb.org/anthology/C18-1139	ca9257de780dcdbd27c5a65c48683843
1709.00103.pdf	https://arxiv.org/pdf/1709.00103.pdf	08732cacc11cd4a84d590fad5a1e3bb8
luong-manning-iwslt15.pdf	https://nlp.stanford.edu/pubs/luong-manning-iwslt15.pdf	455537336e0fcaf69ff27701c15fab94
clin27.paper.pdf	http://www.let.rug.nl/rob/doc/clin27.paper.pdf	77c2373f79bc76b1ca74789b1b21e589
1711.04434.pdf	https://arxiv.org/pdf/1711.04434.pdf	a9e89265897ff1a6dc6f17ce622a77a7
P18-1161.pdf	http://aclweb.org/anthology/P18-1161	bf944d668f5f0e2ab2c13f09ffc56bf2
1805.08092.pdf	https://arxiv.org/pdf/1805.08092.pdf	e6d25db77889d9e483d5b21cb89012bb
coli_a_00164.pdf	https://www.aclweb.org/anthology/J14-1003	41628376a54d5c906de8ef0e02ea7790
P18-1129.pdf	http://aclweb.org/anthology/P18-1129	42512478ca31e210434413d229bd7426
5782-character-level-convolutional-networks-for-text-classification.pdf	https://papers.nips.cc/paper/5782-character-level-convolutional-networks-for-text-classification.pdf	3f78c348e5e45e1028fc6dc639c37b0e
43852.pdf	https://research.google.com/pubs/archive/43852.pdf	6ca4b7d9f1077d56326b05ffa6a49848
1806.05516.pdf	https://arxiv.org/pdf/1806.05516.pdf	24f8db235771a34f2bec45c6f343c54b
1609.07561.pdf	https://arxiv.org/pdf/1609.07561.pdf	4e63ff9912e49e695a333cf9a3fc78b8
D17-1206.pdf	https://www.aclweb.org/anthology/D17-1206	ffdc02ed7ed0fe15b792c1260a834cf7
L12-1015.pdf	http://www.lrec-conf.org/proceedings/lrec2012/pdf/128_Paper.pdf	33f1602ff7764c2cb6ac3e46f94ec70a
S18-1147.pdf	http://aclweb.org/anthology/S18-1147	a0235587f38d5917f365e806ba36445c
P17-1099.pdf	http://aclweb.org/anthology/P17-1099	860ceda845abd60b863f48245a25181f
cikm2014.pdf	https://suchanek.name/work/publications/cikm2014.pdf	3e4730cefe9cc82889b22ebaac51be76
1704.01444.pdf	https://arxiv.org/pdf/1704.01444.pdf	278ca5897201efc4692f3b075bf3b0ad
P05-1012.pdf	http://www.aclweb.org/anthology/P05-1012	1b64ea922f4e97d2c52ea267217c40ce
Q16-1023.pdf	https://aclweb.org/anthology/Q16-1023	54066b9996fd473ea0a7947eefc152d0
P17-1110.pdf	http://aclweb.org/anthology/P17-1110	ca264eed917ed506bce85b1d6f4051e5
1811.08619.pdf	https://arxiv.org/ftp/arxiv/papers/1811/1811.08619.pdf	5b3b1493bbd0cc2020f422cbb4eea82e
P18-1087.pdf	http://aclweb.org/anthology/P18-1087	92f18cd4596dc8da5e3737ff403658ea
1703.10722.pdf	https://arxiv.org/pdf/1703.10722.pdf	5f54ab33b90723a3de84a4edcb9464a8
P18-1013.pdf	http://aclweb.org/anthology/P18-1013	45ec868ff0c9e5ac1561c8664b3b5ce1
1804.09769.pdf	https://arxiv.org/pdf/1804.09769.pdf	7e97231757380ee361c9cfd0a0bc48e6
pdf_id_HyeVtoRqtQ.pdf	https://openreview.net/pdf?id=HyeVtoRqtQ	555b4b5eec258095dd470ec5ae435e76
D17-1130.pdf	http://www.aclweb.org/anthology/D17-1130	d6956f90f6d4ae4b23c9e83963e185a6
1703.06345.pdf	https://arxiv.org/pdf/1703.06345.pdf	1f34be811a256bf2a6e893b4ad40dfae
1612.04426.pdf	https://arxiv.org/pdf/1612.04426.pdf	6a85c5a92e8cb8f7dc8ede5f060abc54
1505.07818.pdf	https://arxiv.org/pdf/1505.07818.pdf	4918bcd349fbb267184d0144d7bbab42
K16-1028.pdf	http://www.aclweb.org/anthology/K16-1028	4ecbca40343579921c0a01a27550f471
D15-1136.pdf	http://www.aclweb.org/anthology/D15-1136	605b3879385dc1de1ac8abb5d0bc7df5
C14-1220.pdf	http://www.aclweb.org/anthology/C14-1220	95555f5d0740233fb0ba337eda099ce6
1606.03777.pdf	https://arxiv.org/pdf/1606.03777.pdf	9f463d3cc641c5c0bb49fec052c4f4db
C16-1238.pdf	http://www.aclweb.org/anthology/C16-1238	53a60cd758e90e3b4c0fd6d0efd5d9b1
1508.03720.pdf	https://arxiv.org/pdf/1508.03720.pdf	861e3234bf5a4717d82f97f2bb925935
P17-1168.pdf	http://aclweb.org/anthology/P17-1168	93eb07ce44863c41c75410ba432623c0
P15-2041.pdf	http://www.aclweb.org/anthology/P15-2041	ed634823343c30984b2064fbc89b7726
1611.05774.pdf	https://arxiv.org/pdf/1611.05774.pdf	09f77a7714b3802caa066b38a4eedc03
S18-1148.pdf	http://aclweb.org/anthology/S18-1148	cbbd28440dd57fd01725148ef5a2863b
P17-1052.pdf	http://aclweb.org/anthology/P17-1052	c3f099eff047a1cf6c87671df283b78f
1702.03814.pdf	https://arxiv.org/pdf/1702.03814.pdf	6b69def1a963f86e4ef1883765add00b
1811.04210.pdf	https://arxiv.org/pdf/1811.04210.pdf	a5f244fa27ba01ef700b47acd81470f8
S17-2080.pdf	http://www.aclweb.org/anthology/S/S17/S17-2080.pdf	75d98f632793e08277e94e8a3bceac93
N16-1026.pdf	https://aclweb.org/anthology/N/N16/N16-1026.pdf	e8708c005c6c350ba4a0e44af782837d
55.pdf	http://www.lrec-conf.org/proceedings/lrec2018/pdf/55.pdf	1792aad039089134daf128ca5075d316
1603.09025.pdf	https://arxiv.org/pdf/1603.09025.pdf	70f01aff2fbe6e90237bf50bff0fbceb
Y15-1009.pdf	http://www.aclweb.org/anthology/Y15-1009	aac3176f6b360677ab878a02370c39fb
P16-2038.pdf	http://anthology.aclweb.org/P16-2038	21d3d43ae3df009fe44421db96a2aca0
N18-1140.pdf	http://aclweb.org/anthology/N18-1140	6cc47063ec9483b7ed382191cbff52b8
P17-1078.pdf	http://aclweb.org/anthology/P17-1078	b9df5bf6b1bca5b504de78f4f8824a2c
D10-1117.pdf	http://www.aclweb.org/anthology/D10-1117	174edb8a22879a41ac08f551c2f21ac1
1603.01360.pdf	https://arxiv.org/pdf/1603.01360.pdf	034e2a6d13ad37c00d813b0e4dbeb02d
1808.04444.pdf	https://arxiv.org/pdf/1808.04444.pdf	42af73f7d8415ff5ed8cba538997cba8
D13-1090.pdf	http://www.aclweb.org/anthology/D/D13/D13-1090.pdf	86d2b43f10ac24fabc91fdf08a081129
7e2996b6ee2784dd2dbb8212cfa0c79ba9e7.pdf	https://pdfs.semanticscholar.org/b28f/7e2996b6ee2784dd2dbb8212cfa0c79ba9e7.pdf	8fa631259478ca297e230f4098c58bde
D12-1042.pdf	http://www.aclweb.org/anthology/D12-1042	6353713678d61ca41c61497fd39c62b8
E14-2005.pdf	http://www.aclweb.org/anthology/E14-2005	ee2c39c0710b950f7570e1499d0ca053
D18-1440.pdf	http://aclweb.org/anthology/D18-1440	5805c1da854a89f6480b0b0688479aa8
owoputi_etal.naacl13.pdf	http://www.aclweb.org/anthology/N13-1039	7361b1585f0c1a8382efc2643a266f36
N18-2046.pdf	http://aclweb.org/anthology/N18-2046	aee45cd8638639ae206132c0eb6d00f4
P18-1230.pdf	http://aclweb.org/anthology/P18-1230	c838839ec31a6f2debc8fc696ab96fdf
P15-1061.pdf	https://www.aclweb.org/anthology/P15-1061	83e8de735c59afb3a94787a1f43fb6b5
N18-1055.pdf	http://aclweb.org/anthology/N18-1055	0db0108d5d79ec802c77cf79b29709cf
C16-1116.pdf	http://www.aclweb.org/anthology/C16-1116	c643e11addb56a371e434ed5a84a4a52
N18-1202.pdf	http://aclweb.org/anthology/N18-1202	026b38a716f861042eea3c7edb9dd51e
nle07.pdf	https://stp.lingfil.uu.se/~nivre/docs/nle07.pdf	28c4051d83da7438d9ec23490985d54d
27496a2ee337db705e7c611dea1fd8e6f41437c2.pdf	https://www.aclweb.org/anthology/W09-1119	3c665b88b16829ff918e65f216645960
D16-1257.pdf	http://www.aclweb.org/anthology/D16-1257	1dcc8f864ed3aa4d31e762ec2cd8b3ea
S17-2157.pdf	http://aclweb.org/anthology/S17-2157	85c727b681ae709be12beff4e03dbf64
r13-1026.pdf	https://www.aclweb.org/anthology/R13-1026	33f29a9b4fc51d3be7a513f7faf2aeb1
D12-1110.pdf	http://aclweb.org/anthology/D12-1110	1bc6696089b4b108e7099a5f27c5d883
P17-1108.pdf	http://aclweb.org/anthology/P17-1108	b4613c91ce9f0e9f722b2d172cf8e8f1
1804.06536.pdf	https://arxiv.org/pdf/1804.06536.pdf	37484d23e6479fd8042513f577db82d3
K16-1006.pdf	http://www.aclweb.org/anthology/K16-1006	0a5a57f4054322a5485bfe628efa15fa
P18-4013.pdf	http://www.aclweb.org/anthology/P18-4013	17c4d9500e61ad444e56e9b405c2449e
E17-1010.pdf	http://aclweb.org/anthology/E/E17/E17-1010.pdf	c9f82e5405ca2a857dde077d68ba1689
1704.08381.pdf	https://arxiv.org/pdf/1704.08381.pdf	467ff5a4aa212a61fc9586d0b7b7a309
1602.02373.pdf	https://arxiv.org/pdf/1602.02373.pdf	8e846cedb51ad00cf1e5174c5b9c3873
1803.09074.pdf	https://arxiv.org/pdf/1803.09074.pdf	f6efeaa852c26e178550c449ed147c0c
N18-2108.pdf	http://aclweb.org/anthology/N18-2108	5e5144052d978d48e84645bb8162a683
P17-1089.pdf	http://www.aclweb.org/anthology/P17-1089	c6c40b1cab416508f6cadd6ab1956d52
81.257.pdf	https://arxiv.org/pdf/1703.04617	fa732e25d1e1bb143a58cafb2307c5e6
1710.10723.pdf	https://arxiv.org/pdf/1710.10723.pdf	70938407cc6a7fbc2cac3da34277ed50
1712.03556.pdf	https://arxiv.org/pdf/1712.03556.pdf	c64bac863de8223bda0611b45a851fc1
1704.00051.pdf	https://arxiv.org/pdf/1704.00051.pdf	b7a22472adc12f4573ec2083e66ee713
1612.04211.pdf	https://arxiv.org/pdf/1612.04211.pdf	c114a468c7516f26bffce7ea6d6193bf
1703.04617.pdf	https://arxiv.org/pdf/1703.04617.pdf	fa732e25d1e1bb143a58cafb2307c5e6
1711.00106.pdf	https://arxiv.org/pdf/1711.00106.pdf	8186a51a6c309c1a534c4b98561455c7
1705.02798.pdf	https://arxiv.org/pdf/1705.02798.pdf	59a6e99ce53c7679e54bbc7fa953d78b
1710.10504.pdf	https://arxiv.org/pdf/1710.10504.pdf	03927b29c999fe48428ddf6473021a31
1704.07415.pdf	https://arxiv.org/pdf/1704.07415.pdf	9e6eb8a71398d71ab25ce387a1e1caad
1809.03449.pdf	https://arxiv.org/pdf/1809.03449.pdf	2e91d16c30259acda037553208913198
1707.09098.pdf	https://arxiv.org/pdf/1707.09098.pdf	4f1a36554fcdefe757fddbb1582f5f20
1609.05284.pdf	https://arxiv.org/pdf/1609.05284.pdf	24992febe7052457b32400e1a75f3774
1710.02772.pdf	https://arxiv.org/pdf/1710.02772.pdf	f1ce79a735f6618eb3990ce4075eb661
1611.01604.pdf	https://arxiv.org/pdf/1611.01604.pdf	276ff45c7e9bee4df09ecb3bc2c3a315
1712.03609.pdf	https://arxiv.org/pdf/1712.03609.pdf	896318a2f43bd27e2866d90d350023d6
1410.5401.pdf	https://arxiv.org/pdf/1410.5401.pdf	0f41ff083606c13ccff10eee228019c2
1711.07341.pdf	https://arxiv.org/pdf/1711.07341.pdf	f4cb022160c9e5ec6598715ace8de0b4
forum_id_BJEX_H1Pf.pdf	https://openreview.net/pdf?id=rk8wKk-R-	426ccad0c061d467f56f4e3bdbba958a
human.pdf	https://arxiv.org/pdf/1606.05250	8de951ff9c46a73fbb9ddd10cb372d84
1703.00572.pdf	https://arxiv.org/pdf/1703.00572.pdf	8e9272ab0a83e4444a95f9213e76cc38
9571-9523.pdf	https://www.aaai.org/ocs/index.php/AAAI/AAAI15/paper/download/9571/9523	d41d8cd98f00b204e9800998ecf8427e
